Social- og Indenrigsministeriets Kommunale N(ø)gletal;;;;;;;;;;;;;;;;;;;;;;;;;
;;;;;;;;;;;;;;;;;;;;;;;;;
;Kom.nr;1993;1994;1995;1996;1997;1998;1999;2000;2001;2002;2003;2004;2005;2006;2007;2008;2009;2010;2011;2012;2013;2014;2015;2016
;;;;;;;;;;;;;;;;;;;;;;;;;
Indbyggertal 1. januar;;;;;;;;;;;;;;;;;;;;;;;;;
Københavns Kommune;101;466.129;467.253;471.300;476.751;483.658;487.969;491.082;495.699;499.148;500.531;501.285;501.664;502.362;501.158;503.699;509.861;518.574;528.208;539.542;549.050;559.440;569.557;580.184;591.481
Frederiksberg Kommune;147;87.173;87.466;88.002;88.789;89.230;89.507;90.227;90.327;91.076;91.322;91.435;91.721;91.886;91.855;92.234;93.444;95.029;96.718;98.782;100.215;102.029;102.717;103.192;104.481
Ballerup Kommune;151;45.427;45.293;45.356;45.310;45.080;45.276;45.286;45.317;45.724;46.342;46.443;46.610;46.759;46.654;46.914;47.116;47.398;47.652;47.930;47.994;48.211;48.514;48.355;48.224
Brøndby Kommune;153;33.746;33.634;33.579;34.388;34.458;34.360;34.391;34.354;34.498;34.542;34.676;34.708;34.513;34.247;33.947;33.831;33.762;33.795;34.021;34.084;34.210;34.580;35.050;35.322
Dragør Kommune;155;12.374;12.329;12.484;12.519;12.725;12.778;12.789;12.753;12.912;13.075;13.028;13.076;13.156;13.154;13.184;13.261;13.411;13.564;13.717;13.692;13.917;13.977;14.028;14.142
Gentofte Kommune;157;65.986;66.251;66.508;66.706;66.986;67.402;67.709;67.957;68.094;68.213;68.314;68.704;68.991;68.623;68.672;68.913;69.794;71.052;71.714;72.814;73.360;74.282;74.932;75.350
Gladsaxe Kommune;159;60.775;60.956;61.369;61.487;61.459;61.611;61.783;61.867;61.896;61.914;62.006;61.993;62.007;61.735;61.945;62.562;63.233;64.102;64.951;65.303;66.030;66.656;67.347;67.914
Glostrup Kommune;161;20.237;20.274;20.263;20.181;20.178;20.104;20.102;20.229;20.278;20.412;20.586;20.793;20.785;20.699;20.618;20.673;21.008;21.296;21.384;21.650;21.869;22.066;22.357;22.461
Herlev Kommune;163;26.980;27.117;27.162;27.212;27.285;27.269;27.350;27.365;27.457;27.498;27.318;27.272;27.166;27.023;26.743;26.567;26.635;26.556;26.597;26.608;26.958;27.706;28.148;28.423
Albertslund Kommune;165;29.611;29.570;29.389;29.207;29.442;29.411;29.315;29.331;29.201;29.130;28.839;28.498;28.146;27.853;27.608;27.602;27.706;27.730;27.800;27.864;27.824;27.728;27.806;27.880
Hvidovre Kommune;167;48.735;48.623;48.675;48.730;49.087;48.958;49.171;49.270;49.454;49.674;49.829;49.952;49.863;49.762;49.422;49.380;49.366;49.724;50.081;50.600;51.341;51.842;52.380;52.831
Høje-Taastrup Kommune;169;44.975;45.307;45.325;45.341;45.424;45.522;45.910;45.948;45.892;45.947;45.754;45.556;45.553;46.257;46.683;47.158;47.400;47.664;47.753;48.081;48.471;48.807;49.230;49.960
Lyngby-Taarbæk Kommune;173;49.334;49.482;49.578;49.860;50.317;50.196;50.474;50.609;50.853;51.102;51.344;51.507;51.611;51.908;51.751;51.449;51.532;52.237;52.754;53.251;53.840;54.237;54.778;55.097
Rødovre Kommune;175;35.478;35.421;35.490;35.607;35.549;35.839;36.004;36.317;36.561;36.591;36.619;36.391;36.312;36.506;36.244;36.144;36.228;36.233;36.524;36.883;37.351;37.552;37.743;38.002
Ishøj Kommune;183;20.920;20.920;21.077;21.052;21.041;21.200;21.031;21.023;20.943;20.987;21.023;20.750;20.668;20.820;20.715;20.687;20.756;20.606;20.797;21.087;21.131;21.547;22.025;22.358
Tårnby Kommune;185;39.593;39.485;39.291;39.172;38.986;39.030;39.304;39.402;39.507;39.522;39.466;39.535;39.582;39.708;39.772;40.016;40.214;40.383;40.835;41.151;41.572;41.992;42.573;42.860
Vallensbæk Kommune;187;12.043;12.092;12.081;12.060;12.012;11.981;11.949;12.047;12.163;12.177;12.332;12.382;12.260;12.230;12.145;12.399;13.365;14.045;14.445;14.565;14.797;15.095;15.204;15.419
Furesø Kommune;190;34.590;34.833;35.198;35.287;35.517;35.920;36.278;36.670;36.808;37.219;36.978;37.076;37.311;37.370;37.624;37.667;37.864;38.232;38.286;38.243;38.236;38.492;39.077;40.156
Allerød Kommune;201;21.581;21.747;21.844;22.159;22.423;22.661;22.911;22.943;23.079;23.070;23.374;23.425;23.458;23.498;23.609;23.493;23.821;24.089;24.096;24.043;24.073;24.175;24.411;24.732
Fredensborg Kommune;210;37.856;38.277;38.484;38.491;38.857;39.004;39.041;39.222;39.352;39.318;39.500;39.414;39.187;39.131;39.303;39.240;39.254;39.226;39.341;39.565;39.462;39.585;39.772;40.112
Helsingør Kommune;217;56.701;56.785;56.855;57.421;58.102;58.645;59.092;59.492;60.131;60.546;60.569;60.927;61.295;61.340;61.012;60.844;61.053;61.143;61.368;61.493;61.613;61.519;61.632;62.092
Hillerød Kommune (3);219;40.585;40.923;41.064;41.565;41.637;42.064;42.569;43.041;43.631;44.000;44.134;44.360;44.640;45.658;46.354;46.568;47.081;47.473;47.916;48.203;48.315;48.695;49.108;49.672
Hørsholm Kommune;223;23.101;23.178;23.377;23.568;23.485;23.386;23.469;23.648;23.689;24.038;24.208;24.246;24.292;24.317;24.332;24.197;24.310;24.378;24.415;24.365;24.543;24.709;24.856;24.965
Rudersdal Kommune;230;50.988;51.093;51.296;51.788;52.340;52.468;52.489;52.548;52.702;53.029;53.190;53.348;53.621;54.241;53.910;53.869;53.915;54.444;54.765;54.630;54.827;55.034;55.441;55.739
Egedal Kommune;240;35.809;36.089;36.081;36.359;36.868;37.293;37.485;37.733;37.967;38.176;38.464;38.585;39.267;39.948;40.057;40.533;41.031;41.513;41.614;41.821;42.018;42.210;42.573;42.773
Frederikssund Kommune (3);250;38.565;38.844;39.015;39.401;39.731;39.947;40.451;40.872;41.359;41.741;42.190;42.504;42.837;43.660;43.910;44.102;44.246;44.182;44.307;44.345;44.365;44.401;44.413;44.725
Halsnæs Kommune;260;27.682;27.892;28.191;28.494;28.846;29.123;29.609;29.583;29.733;29.945;29.984;30.089;30.253;30.513;30.798;30.824;31.013;31.077;31.056;30.980;30.803;30.647;30.736;31.049
Gribskov Kommune;270;36.319;36.838;37.072;37.653;38.142;38.652;39.189;39.209;39.347;39.683;40.124;40.394;40.409;40.360;40.409;40.512;40.627;40.694;40.700;40.603;40.655;40.778;40.855;41.107
Bornholms Kommune;400;45.110;44.955;44.823;45.076;44.924;44.688;44.426;44.238;44.024;44.091;43.956;43.673;43.347;43.245;43.040;42.817;42.563;42.154;41.802;41.303;40.715;40.215;39.828;39.756
Greve Kommune;253;46.012;46.474;46.809;46.983;47.278;47.485;47.631;47.859;48.033;48.278;48.227;47.971;47.671;47.968;47.672;47.773;47.951;47.826;47.978;47.942;47.980;48.095;48.835;49.518
Køge Kommune;259;50.885;51.047;51.316;51.654;51.812;52.022;52.154;52.370;52.663;53.168;53.685;54.150;54.926;55.718;56.298;56.637;56.848;57.125;57.271;57.307;57.771;58.374;59.285;59.868
Roskilde Kommune;265;72.419;72.675;73.143;73.785;74.213;74.649;75.541;76.321;77.092;77.583;78.045;78.640;79.441;80.455;81.017;80.687;81.285;81.947;82.542;83.137;83.554;84.219;85.026;86.207
Solrød Kommune;269;19.117;19.193;19.343;19.458;19.541;19.703;19.816;19.998;20.134;20.165;20.297;20.339;20.703;20.877;20.852;20.759;20.743;20.882;20.964;21.156;21.145;21.339;21.552;21.788
Odsherred Kommune;306;30.532;30.731;30.963;31.193;31.405;31.553;31.731;32.011;32.188;32.329;32.452;32.489;32.739;32.890;32.980;33.129;33.159;33.030;32.845;32.640;32.452;32.534;32.665;32.816
Holbæk Kommune;316;61.480;61.746;62.020;62.652;62.737;63.162;63.544;63.971;64.258;64.925;65.499;66.036;66.611;67.621;68.451;69.010;69.528;69.550;69.521;69.415;69.263;69.016;69.035;69.972
Faxe Kommune;320;32.175;32.246;32.354;32.570;32.462;32.838;33.139;33.150;33.577;33.682;33.832;34.220;34.313;34.661;35.117;35.418;35.441;35.306;35.277;35.110;35.123;35.119;35.195;35.614
Kalundborg Kommune;326;46.237;46.268;46.477;46.535;46.525;46.661;46.959;47.048;47.183;47.655;47.974;48.227;48.697;48.944;49.377;49.743;49.741;49.265;49.088;48.632;48.294;48.358;48.469;48.660
Ringsted Kommune;329;28.723;28.891;28.914;29.067;29.030;29.243;29.454;29.547;29.769;30.018;30.110;30.418;30.830;31.094;31.468;32.092;32.442;32.584;32.890;33.153;33.217;33.349;33.573;34.031
Slagelse Kommune;330;72.488;72.772;72.721;72.991;73.748;74.033;74.279;74.601;75.088;75.218;75.728;75.962;76.185;76.519;76.949;77.457;77.457;77.475;77.442;77.310;77.167;76.948;77.293;78.140
Stevns Kommune;336;20.053;20.185;20.336;20.554;20.677;20.734;20.970;21.167;21.317;21.492;21.609;21.652;21.776;21.834;21.828;21.892;21.948;21.931;21.855;21.855;21.818;21.825;22.038;22.260
Sorø Kommune;340;26.583;26.648;26.804;27.031;27.015;27.087;27.194;27.332;27.503;27.738;28.067;28.193;28.336;28.686;28.956;29.180;29.458;29.522;29.499;29.393;29.288;29.299;29.331;29.543
Lejre Kommune;350;23.703;23.928;24.008;24.058;24.183;24.602;24.740;24.975;25.147;25.339;25.637;25.717;25.971;26.132;26.361;26.603;26.778;26.794;26.764;26.887;26.901;26.989;27.172;27.317
Lolland Kommune;360;52.653;52.453;51.989;51.963;51.999;51.608;51.318;51.179;50.937;50.659;50.285;49.946;49.469;48.967;48.634;48.219;47.757;46.984;46.111;45.241;44.436;43.528;43.024;42.638
Næstved Kommune;370;73.546;73.668;73.784;74.096;74.368;74.704;75.072;75.337;75.769;76.226;76.737;77.529;78.446;79.284;80.133;80.732;80.954;81.112;80.963;81.012;81.163;81.432;81.687;82.342
Guldborgsund Kommune;376;63.441;63.377;63.237;63.357;63.289;63.300;63.511;63.509;63.555;63.814;63.901;63.771;63.533;63.451;63.540;63.496;63.211;62.912;62.583;61.913;61.322;61.007;60.829;60.979
Vordingborg Kommune;390;44.741;44.816;44.617;44.920;44.970;45.259;45.211;45.376;45.565;45.760;45.983;46.192;46.307;46.410;46.485;46.600;46.551;46.319;46.170;45.804;45.465;45.295;45.471;45.806
Middelfart Kommune;410;33.679;33.722;33.935;34.097;34.351;34.616;34.805;34.974;35.167;35.370;35.587;35.759;36.113;36.417;36.771;37.274;37.625;37.661;37.701;37.612;37.523;37.685;37.857;37.913
Assens Kommune;420;40.281;40.402;40.460;40.597;40.735;40.703;40.780;40.869;41.055;41.226;41.141;41.109;41.201;41.369;41.816;42.054;42.128;42.054;41.635;41.443;41.325;41.037;41.046;41.224
Faaborg-Midtfyn Kommune;430;50.619;50.611;50.671;50.820;50.714;50.771;50.827;50.763;50.674;50.733;50.868;51.015;51.144;51.144;51.612;51.950;52.108;52.085;51.926;51.635;51.409;51.078;50.953;51.236
Kerteminde Kommune;440;22.354;22.345;22.322;22.491;22.477;22.656;22.886;22.855;23.000;23.010;23.026;23.067;23.071;23.239;23.524;23.630;23.745;23.770;23.758;23.793;23.787;23.665;23.728;23.880
Nyborg Kommune;450;29.798;29.734;29.799;30.302;30.367;30.411;30.421;30.361;30.343;30.522;30.530;30.778;31.009;31.208;31.508;31.607;31.714;31.690;31.499;31.486;31.350;31.314;31.573;31.886
Odense Kommune;461;180.799;181.824;182.617;183.564;184.146;184.224;183.584;183.912;183.691;183.628;184.308;185.206;185.871;186.595;186.745;186.932;187.929;188.777;190.245;191.610;193.370;195.797;197.480;198.972
Svendborg Kommune;479;56.911;57.173;57.394;57.729;57.858;57.946;57.985;57.928;57.808;57.931;58.145;58.301;58.354;58.506;58.714;59.040;59.185;58.998;58.713;58.551;58.296;57.979;57.988;58.228
Nordfyns Kommune;480;27.950;27.966;27.854;28.060;28.230;28.166;28.213;28.265;28.448;28.438;28.422;28.545;28.655;28.876;29.195;29.470;29.651;29.638;29.507;29.330;29.224;29.066;29.030;29.298
Langeland Kommune;482;15.169;15.149;14.995;15.164;14.938;14.877;14.750;14.646;14.563;14.446;14.386;14.299;14.223;14.120;13.937;13.741;13.563;13.510;13.322;13.094;12.861;12.695;12.647;12.547
Ærø Kommune;492;7.679;7.641;7.648;7.704;7.606;7.503;7.481;7.401;7.315;7.200;7.058;7.003;6.939;6.873;6.794;6.712;6.698;6.679;6.663;6.636;6.527;6.393;6.276;6.290
Haderslev Kommune (3);510;55.731;55.815;55.957;56.438;56.646;56.847;56.737;56.725;56.665;56.504;56.391;56.364;56.353;56.225;56.275;56.414;56.508;56.346;56.117;56.188;56.051;55.906;55.888;56.029
Billund Kommune;530;25.342;25.507;25.645;25.783;25.923;26.115;26.072;26.033;26.032;26.013;26.021;26.143;26.076;26.133;26.133;26.181;26.235;26.160;26.155;26.220;26.357;26.318;26.285;26.434
Sønderborg Kommune;540;74.711;74.734;75.039;75.007;75.128;75.290;75.590;75.519;75.474;75.667;76.003;76.236;76.459;76.598;76.825;76.913;76.793;76.439;76.193;76.094;75.732;75.264;74.937;74.737
Tønder Kommune (3);550;42.712;42.612;42.530;42.815;42.676;42.642;42.628;42.389;42.338;42.155;41.846;41.486;41.173;40.709;40.331;40.367;40.216;39.710;39.464;39.083;38.686;38.316;38.010;37.904
Esbjerg Kommune (3);561;114.151;114.575;114.582;115.127;115.036;115.186;115.316;115.251;115.066;114.810;114.731;114.797;114.756;114.416;114.148;114.244;114.595;115.114;115.184;115.112;115.051;115.095;115.446;115.748
Fanø Kommune;563;3.153;3.192;3.209;3.272;3.241;3.269;3.267;3.214;3.212;3.227;3.169;3.169;3.151;3.143;3.170;3.192;3.207;3.219;3.213;3.251;3.237;3.264;3.263;3.290
Varde Kommune (3);573;48.782;48.763;48.969;49.256;49.351;49.399;49.688;49.807;50.140;50.221;50.118;50.048;50.036;50.013;49.849;50.125;50.475;50.378;50.351;50.193;49.969;49.958;50.122;50.289
Vejen Kommune;575;40.117;40.207;40.226;40.602;40.794;40.863;40.948;40.985;40.867;41.061;41.139;41.272;41.350;41.551;41.882;42.447;42.807;42.768;42.683;42.785;42.700;42.667;42.601;42.869
Aabenraa Kommune;580;59.839;60.036;59.999;60.045;60.434;60.296;60.189;60.116;60.025;60.066;60.016;60.074;60.151;59.974;60.044;60.189;60.392;59.978;59.795;59.600;59.208;58.970;58.904;58.869
Fredericia Kommune;607;46.817;46.952;47.037;47.260;47.616;47.837;47.947;48.066;48.216;48.487;48.533;48.857;49.147;49.252;49.260;49.463;49.690;49.849;50.104;50.193;50.374;50.324;50.429;50.689
Kolding Kommune (3);621;79.233;79.815;80.501;81.224;82.112;82.657;82.988;83.397;83.864;84.512;84.971;85.758;86.096;86.492;87.183;87.781;88.519;89.071;89.210;89.412;89.556;90.066;90.794;91.695
Vejle Kommune (3);630;95.397;95.779;96.123;97.207;97.880;98.482;99.018;99.361;100.153;100.825;101.368;101.800;102.372;102.938;104.101;104.933;105.884;106.383;107.218;108.021;108.826;109.652;110.471;111.743
Horsens Kommune (3);615;72.218;72.230;72.218;72.907;73.454;73.699;73.883;74.263;74.369;74.736;75.359;75.968;76.656;77.886;79.020;80.102;81.565;81.957;82.835;83.598;84.871;85.662;86.361;87.736
Herning Kommune;657;80.291;80.407;80.705;81.090;80.940;81.147;81.175;81.427;81.703;82.172;82.480;82.760;82.935;83.330;83.598;84.208;85.217;85.548;85.852;86.348;86.595;86.842;86.864;87.593
Holstebro Kommune;661;54.082;54.264;54.470;54.853;55.044;55.369;55.804;55.759;56.007;56.206;56.311;56.145;56.204;56.462;56.582;57.020;57.267;57.056;57.161;57.153;57.254;57.338;57.494;57.661
Lemvig Kommune;665;24.216;24.210;24.104;24.123;24.014;23.930;23.933;23.863;23.751;23.443;23.312;23.121;22.760;22.483;22.237;22.067;21.946;21.790;21.554;21.384;21.223;20.933;20.657;20.399
Struer Kommune;671;23.002;23.016;22.968;22.945;22.843;22.830;22.864;22.920;22.855;22.996;22.962;22.927;22.752;22.695;22.591;22.672;22.642;22.483;22.190;22.098;21.846;21.533;21.439;21.474
Syddjurs Kommune;706;36.716;36.946;37.360;37.992;38.136;38.531;38.853;39.044;39.089;39.358;39.602;39.935;40.196;40.430;41.003;41.281;41.314;41.392;41.734;41.815;41.894;41.719;41.652;41.889
Norddjurs Kommune (3);707;37.875;38.003;38.076;38.566;38.809;38.844;38.837;38.780;38.648;38.465;38.272;38.323;38.248;38.384;38.333;38.581;38.390;38.148;38.029;37.876;38.035;37.925;37.898;38.144
Favrskov Kommune (3);710;39.455;39.405;39.814;40.186;40.632;41.034;41.273;41.791;42.006;42.467;42.755;43.151;43.682;44.218;45.037;45.604;46.248;46.529;46.894;47.117;47.156;47.163;47.523;47.655
Odder Kommune;727;18.999;19.005;19.251;19.469;19.547;19.750;19.768;19.901;20.156;20.396;20.728;20.863;21.133;21.332;21.469;21.562;21.593;21.721;21.852;21.749;21.800;21.773;21.928;22.131
Randers Kommune (3);730;90.786;90.821;90.778;91.531;91.837;91.818;91.723;91.634;91.836;91.963;91.998;91.927;92.170;92.656;92.984;93.644;94.221;94.750;95.318;95.756;96.007;96.343;96.800;97.520
Silkeborg Kommune;740;76.677;77.072;77.891;78.753;79.061;79.849;80.219;80.570;81.199;81.772;82.601;83.390;84.167;85.376;86.540;87.371;88.016;88.481;88.913;89.328;89.346;89.633;90.016;90.719
Samsø Kommune;741;4.366;4.345;4.323;4.357;4.331;4.325;4.318;4.233;4.266;4.251;4.221;4.197;4.125;4.124;4.130;4.085;4.003;4.010;3.885;3.889;3.806;3.767;3.733;3.710
Skanderborg Kommune (3);746;47.901;48.234;48.415;48.872;49.318;49.846;50.486;51.047;51.577;52.055;52.636;53.181;54.109;54.655;55.300;56.044;56.636;57.303;57.717;58.008;58.094;58.176;58.782;59.481
Aarhus Kommune;751;271.272;274.535;277.477;279.759;281.396;282.137;283.673;284.846;286.668;288.837;291.258;293.510;294.954;295.513;296.170;298.538;302.618;306.650;310.956;314.545;319.094;323.893;326.246;330.639
Ikast-Brande Kommune;756;38.047;38.072;38.205;38.630;38.699;38.711;38.787;38.803;38.754;38.927;39.149;39.248;39.371;39.528;39.681;39.893;40.176;40.312;40.571;40.658;40.468;40.602;40.598;40.798
Ringkøbing-Skjern Kommune;760;56.638;56.750;56.965;57.476;57.302;57.306;57.382;57.392;57.668;57.865;58.085;57.877;57.818;57.774;58.112;58.368;58.803;58.439;58.068;57.892;57.529;57.093;57.042;57.139
Hedensted Kommune (3);766;40.013;40.010;40.280;40.706;41.103;41.450;41.914;42.112;42.407;42.600;42.798;43.159;43.600;44.217;44.892;45.561;45.954;45.982;45.980;46.029;45.868;45.715;46.091;46.206
Skive Kommune;779;48.079;48.083;48.231;48.498;48.565;48.622;48.714;48.731;48.901;48.899;48.770;48.675;48.368;48.264;48.344;48.356;48.300;48.137;47.986;47.620;47.291;46.942;46.641;46.639
Viborg Kommune (3);791;84.194;84.627;85.212;85.984;86.537;86.822;86.995;87.410;87.737;88.310;88.724;89.039;89.631;90.517;91.405;92.084;92.823;93.310;93.498;93.819;94.333;94.486;94.985;95.776
Morsø Kommune;773;23.361;23.219;23.142;23.133;23.028;23.062;23.034;22.989;22.806;22.666;22.672;22.636;22.479;22.333;22.196;22.091;22.098;21.833;21.600;21.474;21.189;21.003;20.816;20.629
Thisted Kommune;787;47.510;47.506;47.416;47.660;47.415;47.354;47.270;47.108;46.908;46.790;46.699;46.581;46.158;45.910;45.580;45.549;45.596;45.297;45.145;44.908;44.494;44.230;44.078;43.991
Brønderslev Kommune;810;35.204;35.285;35.205;35.088;35.127;35.241;35.219;35.249;35.296;35.397;35.518;35.508;35.320;35.313;35.445;35.525;35.762;35.804;35.789;35.754;35.600;35.627;35.781;36.047
Frederikshavn Kommune;813;66.925;66.678;66.388;66.478;66.181;66.055;65.849;65.749;65.484;64.992;64.705;64.209;63.799;63.084;62.877;62.751;62.525;62.007;61.576;61.158;60.775;60.458;60.377;60.246
Vesthimmerlands Kommune (3);820;37.525;37.573;37.619;37.921;38.050;38.289;38.398;38.421;38.404;38.341;38.243;38.131;37.899;37.893;37.841;38.277;38.495;38.106;37.864;37.534;37.586;37.479;37.399;37.296
Læsø Kommune;825;2.453;2.442;2.388;2.381;2.362;2.351;2.282;2.293;2.266;2.268;2.228;2.177;2.145;2.091;2.058;2.003;1.993;1.969;1.949;1.897;1.839;1.808;1.795;1.817
Rebild Kommune (3);840;27.081;27.070;26.984;27.266;27.279;27.387;27.491;27.600;27.770;28.008;28.120;28.198;28.376;28.365;28.633;28.753;28.900;28.852;28.940;28.911;28.866;28.794;28.859;29.149
Mariagerfjord Kommune (3);846;40.486;40.548;40.631;41.064;41.342;41.479;41.567;41.658;41.759;41.868;42.058;41.962;42.007;42.045;42.288;42.667;42.762;42.604;42.572;42.429;42.111;42.093;42.134;42.131
Jammerbugt Kommune;849;38.148;38.117;38.029;38.230;38.322;38.463;38.605;38.772;38.896;38.888;38.980;38.965;38.884;38.704;38.787;38.957;38.990;38.927;38.733;38.611;38.597;38.351;38.293;38.466
Aalborg Kommune;851;184.815;185.610;186.415;187.632;188.595;188.752;189.245;189.476;190.181;191.051;191.325;192.188;192.353;193.529;194.149;195.145;196.292;197.426;199.188;201.142;203.448;205.809;207.805;210.316
Hjørring Kommune;860;67.749;67.847;68.066;68.303;68.459;68.649;68.643;68.479;68.369;68.325;68.022;67.898;67.816;67.480;67.118;67.121;67.102;66.803;66.473;66.178;65.767;65.405;65.295;65.411
I alt (15);;5.180.500;5.196.530;5.215.605;5.250.917;5.275.027;5.294.762;5.313.474;5.329.921;5.349.110;5.368.248;5.383.403;5.397.539;5.411.307;5.427.367;5.446.989;5.475.695;5.511.355;5.534.637;5.560.534;5.580.413;5.602.536;5.627.145;5.659.624;5.707.160
;;;;;;;;;;;;;;;;;;;;;;;;;
Socioøkonomisk indeks;;;;;;;;;;;;;;;;;;;;;;;;;
Københavns Kommune;101;M;M;M;1,34;1,30;1,31;1,30;1,27;1,25;1,23;1,20;1,19;1,18;1,20;1,44;1,42;1,42;1,39;1,37;1,34;1,27;1,24;1,22;1,20
Frederiksberg Kommune;147;M;M;M;0,97;0,92;0,93;0,89;0,90;0,89;0,88;0,88;0,87;0,87;0,87;0,99;0,98;1,00;1,00;1,01;0,98;0,93;0,90;0,91;0,89
Ballerup Kommune;151;M;M;M;1,26;1,26;1,24;1,22;1,20;1,20;1,18;1,17;1,18;1,18;1,19;1,19;1,20;1,21;1,19;1,22;1,20;1,25;1,26;1,27;1,27
Brøndby Kommune;153;M;M;M;1,62;1,64;1,64;1,65;1,66;1,63;1,56;1,50;1,44;1,41;1,39;1,59;1,65;1,66;1,67;1,65;1,64;1,62;1,63;1,62;1,63
Dragør Kommune;155;M;M;M;0,57;0,59;0,59;0,61;0,62;0,60;0,57;0,56;0,60;0,60;0,61;0,57;0,57;0,55;0,55;0,58;0,57;0,61;0,58;0,58;0,59
Gentofte Kommune;157;M;M;M;0,53;0,52;0,52;0,52;0,53;0,54;0,56;0,57;0,58;0,59;0,60;0,65;0,64;0,65;0,68;0,71;0,70;0,67;0,69;0,68;0,71
Gladsaxe Kommune;159;M;M;M;1,02;1,03;1,01;1,02;1,01;1,02;1,03;1,02;1,00;0,99;0,97;1,04;1,04;1,04;1,04;1,04;1,04;1,09;1,09;1,10;1,09
Glostrup Kommune;161;M;M;M;1,08;1,06;1,07;1,05;1,07;1,07;1,04;1,04;1,02;1,02;1,03;1,10;1,11;1,13;1,16;1,14;1,13;1,18;1,19;1,18;1,20
Herlev Kommune;163;M;M;M;1,37;1,34;1,34;1,35;1,35;1,34;1,31;1,28;1,28;1,26;1,26;1,34;1,38;1,36;1,34;1,32;1,28;1,27;1,22;1,20;1,22
Albertslund Kommune;165;M;M;M;1,96;1,92;1,88;1,83;1,83;1,80;1,76;1,72;1,69;1,66;1,65;1,77;1,81;1,76;1,72;1,63;1,60;1,50;1,50;1,51;1,49
Hvidovre Kommune;167;M;M;M;1,17;1,17;1,17;1,15;1,12;1,10;1,09;1,08;1,09;1,06;1,08;1,16;1,21;1,19;1,19;1,15;1,14;1,16;1,15;1,16;1,15
Høje-Taastrup Kommune;169;M;M;M;1,37;1,36;1,34;1,31;1,31;1,28;1,27;1,24;1,21;1,23;1,22;1,19;1,18;1,18;1,16;1,16;1,19;1,19;1,21;1,21;1,23
Lyngby-Taarbæk Kommune;173;M;M;M;0,67;0,67;0,69;0,69;0,70;0,69;0,71;0,71;0,71;0,72;0,75;0,72;0,75;0,80;0,80;0,79;0,79;0,76;0,77;0,77;0,77
Rødovre Kommune;175;M;M;M;0,90;0,91;0,91;0,92;0,95;0,95;0,93;0,92;0,90;0,93;0,95;1,21;1,23;1,26;1,23;1,20;1,20;1,22;1,22;1,23;1,22
Ishøj Kommune;183;M;M;M;2,00;1,94;1,95;1,86;1,83;1,79;1,78;1,74;1,73;1,68;1,73;1,74;1,76;1,77;1,71;1,72;1,71;1,62;1,64;1,62;1,59
Tårnby Kommune;185;M;M;M;0,81;0,84;0,85;0,83;0,83;0,84;0,83;0,83;0,84;0,81;0,81;0,93;0,94;0,94;0,93;0,99;0,97;1,04;1,02;1,03;1,01
Vallensbæk Kommune;187;M;M;M;0,55;0,53;0,60;0,60;0,60;0,60;0,62;0,64;0,66;0,66;0,66;0,58;0,63;0,62;0,63;0,64;0,66;0,71;0,74;0,74;0,76
Furesø Kommune;190;M;M;M;0,98;0,96;0,96;0,93;0,95;0,95;0,95;0,94;0,94;0,94;0,93;0,77;0,77;0,75;0,75;0,76;0,78;0,81;0,79;0,78;0,77
Allerød Kommune;201;M;M;M;0,61;0,63;0,65;0,66;0,64;0,66;0,67;0,66;0,67;0,67;0,68;0,45;0,46;0,48;0,48;0,47;0,47;0,52;0,53;0,53;0,52
Fredensborg Kommune;210;M;M;M;1,22;1,22;1,19;1,15;1,16;1,13;1,13;1,08;1,08;1,06;1,04;0,94;0,93;0,94;0,92;0,90;0,90;0,90;0,92;0,92;0,93
Helsingør Kommune;217;M;M;M;1,20;1,19;1,18;1,15;1,15;1,16;1,13;1,12;1,10;1,08;1,06;1,06;1,09;1,10;1,09;1,08;1,08;1,02;1,03;1,04;1,03
Hillerød Kommune (3);219;M;M;M;0,86;0,84;0,83;0,82;0,84;0,85;0,85;0,85;0,84;0,84;0,86;0,70;0,69;0,70;0,69;0,70;0,71;0,76;0,76;0,77;0,77
Hørsholm Kommune;223;M;M;M;0,78;0,77;0,77;0,81;0,82;0,82;0,81;0,82;0,84;0,85;0,85;0,59;0,59;0,63;0,63;0,66;0,66;0,68;0,67;0,68;0,70
Rudersdal Kommune;230;M;M;M;0,68;0,68;0,68;0,70;0,70;0,71;0,72;0,71;0,72;0,73;0,74;0,62;0,66;0,66;0,68;0,71;0,71;0,69;0,67;0,66;0,66
Egedal Kommune;240;M;M;M;0,67;0,65;0,65;0,65;0,65;0,66;0,63;0,64;0,64;0,63;0,63;0,48;0,48;0,47;0,47;0,46;0,47;0,54;0,54;0,54;0,55
Frederikssund Kommune (3);250;M;M;M;0,89;0,89;0,87;0,86;0,85;0,85;0,86;0,83;0,81;0,81;0,82;0,75;0,76;0,76;0,77;0,76;0,76;0,81;0,81;0,81;0,82
Halsnæs Kommune;260;M;M;M;1,04;1,00;1,02;1,00;0,97;0,95;0,93;0,92;0,93;0,91;0,93;0,99;1,01;1,02;0,99;0,99;1,00;1,01;1,03;1,04;1,04
Gribskov Kommune;270;M;M;M;0,77;0,76;0,75;0,73;0,70;0,72;0,73;0,70;0,71;0,72;0,73;0,78;0,78;0,78;0,78;0,78;0,79;0,81;0,81;0,81;0,81
Bornholms Kommune;400;M;M;M;0,82;0,85;0,88;0,88;0,93;0,96;0,97;0,98;0,97;0,97;0,94;1,06;1,07;1,08;1,12;1,10;1,14;1,19;1,12;1,12;1,16
Greve Kommune;253;M;M;M;1,13;1,12;1,13;1,12;1,11;1,07;1,05;1,03;1,01;1,01;1,00;0,83;0,91;0,91;0,89;0,86;0,86;0,86;0,84;0,85;0,83
Køge Kommune;259;M;M;M;1,08;1,08;1,08;1,07;1,08;1,05;1,01;1,00;0,99;1,00;1,00;0,91;0,91;0,91;0,91;0,90;0,91;0,96;0,97;0,97;0,97
Roskilde Kommune;265;M;M;M;0,97;0,95;0,97;0,96;0,95;0,95;0,96;0,94;0,92;0,92;0,92;0,79;0,80;0,82;0,80;0,81;0,81;0,80;0,81;0,81;0,80
Solrød Kommune;269;M;M;M;0,73;0,74;0,75;0,74;0,72;0,71;0,72;0,70;0,71;0,69;0,73;0,57;0,56;0,57;0,58;0,58;0,59;0,62;0,62;0,62;0,64
Odsherred Kommune;306;M;M;M;0,90;0,92;0,91;0,91;0,91;0,91;0,91;0,91;0,93;0,92;0,90;1,05;1,05;1,04;1,06;1,07;1,12;1,13;1,14;1,12;1,12
Holbæk Kommune;316;M;M;M;1,18;1,18;1,19;1,19;1,18;1,18;1,18;1,19;1,18;1,17;1,18;0,96;0,96;0,96;0,97;0,97;0,97;1,00;1,00;1,02;1,02
Faxe Kommune;320;M;M;M;0,82;0,81;0,81;0,82;0,82;0,85;0,85;0,85;0,85;0,84;0,85;0,88;0,87;0,88;0,88;0,88;0,90;0,95;0,96;0,97;0,96
Kalundborg Kommune;326;M;M;M;0,99;1,04;1,05;1,04;1,04;1,06;1,06;1,05;1,04;1,03;1,04;1,02;1,02;1,03;1,02;1,08;1,09;1,15;1,15;1,13;1,14
Ringsted Kommune;329;M;M;M;1,21;1,19;1,20;1,18;1,19;1,19;1,17;1,16;1,16;1,14;1,15;0,95;0,94;0,93;0,92;0,94;0,94;0,98;1,01;1,00;1,01
Slagelse Kommune;330;M;M;M;1,15;1,14;1,18;1,18;1,21;1,22;1,22;1,20;1,20;1,18;1,19;1,18;1,21;1,19;1,19;1,18;1,20;1,15;1,18;1,18;1,17
Stevns Kommune;336;M;M;M;0,67;0,66;0,67;0,67;0,67;0,65;0,66;0,68;0,68;0,68;0,70;0,77;0,77;0,76;0,76;0,76;0,80;0,81;0,85;0,85;0,84
Sorø Kommune;340;M;M;M;0,85;0,86;0,86;0,86;0,88;0,87;0,88;0,89;0,87;0,90;0,93;0,87;0,88;0,87;0,88;0,90;0,92;0,92;0,94;0,95;0,95
Lejre Kommune;350;M;M;M;0,54;0,54;0,53;0,54;0,53;0,54;0,53;0,54;0,54;0,56;0,57;0,47;0,47;0,47;0,48;0,51;0,53;0,61;0,62;0,63;0,63
Lolland Kommune;360;M;M;M;1,11;1,16;1,21;1,22;1,26;1,29;1,34;1,33;1,33;1,32;1,31;1,49;1,52;1,53;1,60;1,64;1,69;1,65;1,61;1,59;1,59
Næstved Kommune;370;M;M;M;1,06;1,07;1,05;1,06;1,08;1,09;1,10;1,08;1,08;1,07;1,08;0,94;0,94;0,94;0,94;0,94;0,95;0,96;0,97;0,97;0,97
Guldborgsund Kommune;376;M;M;M;1,01;1,04;1,04;1,06;1,04;1,04;1,06;1,06;1,07;1,06;1,06;1,09;1,10;1,08;1,11;1,11;1,13;1,17;1,19;1,18;1,21
Vordingborg Kommune;390;M;M;M;1,02;1,05;1,04;1,05;1,05;1,04;1,07;1,05;1,06;1,05;1,05;1,04;1,04;1,02;1,05;1,07;1,09;1,14;1,15;1,14;1,16
Middelfart Kommune;410;M;M;M;0,66;0,67;0,65;0,67;0,68;0,69;0,71;0,72;0,73;0,73;0,76;0,83;0,81;0,80;0,81;0,81;0,81;0,83;0,84;0,82;0,82
Assens Kommune;420;M;M;M;0,76;0,75;0,74;0,74;0,75;0,75;0,75;0,79;0,80;0,81;0,80;0,89;0,87;0,87;0,88;0,87;0,93;0,94;0,94;0,96;0,96
Faaborg-Midtfyn Kommune;430;M;M;M;0,72;0,73;0,74;0,76;0,76;0,76;0,77;0,80;0,80;0,81;0,80;0,82;0,81;0,80;0,83;0,83;0,85;0,91;0,92;0,94;0,94
Kerteminde Kommune;440;M;M;M;0,81;0,83;0,83;0,82;0,83;0,83;0,83;0,86;0,87;0,89;0,88;0,84;0,82;0,83;0,81;0,79;0,81;0,87;0,89;0,93;0,91
Nyborg Kommune;450;M;M;M;0,95;1,01;0,99;1,01;1,04;1,03;1,03;1,04;1,05;1,06;1,03;1,02;1,01;1,00;1,00;0,99;1,00;0,99;1,04;1,04;1,04
Odense Kommune;461;M;M;M;1,36;1,35;1,39;1,35;1,37;1,37;1,37;1,37;1,37;1,35;1,35;1,18;1,20;1,20;1,18;1,16;1,15;1,11;1,12;1,10;1,09
Svendborg Kommune;479;M;M;M;1,06;1,06;1,05;1,08;1,07;1,09;1,09;1,12;1,11;1,10;1,09;0,95;0,99;0,97;0,96;0,96;0,97;0,96;0,97;0,98;0,98
Nordfyns Kommune;480;M;M;M;0,65;0,67;0,65;0,66;0,68;0,66;0,68;0,70;0,72;0,75;0,73;0,85;0,85;0,85;0,84;0,85;0,88;0,94;0,94;0,94;0,97
Langeland Kommune;482;M;M;M;0,92;0,94;0,94;0,97;1,00;0,97;1,00;1,05;1,04;1,07;1,08;1,19;1,21;1,23;1,30;1,28;1,31;1,30;1,27;1,24;1,27
Ærø Kommune;492;M;M;M;0,80;0,83;0,83;0,87;0,85;0,92;0,91;0,91;0,90;0,88;0,85;1,10;1,05;1,00;0,99;1,00;0,99;0,95;0,97;1,00;1,07
Haderslev Kommune (3);510;M;M;M;0,91;0,91;0,90;0,89;0,91;0,91;0,91;0,90;0,89;0,92;0,91;1,03;1,02;1,01;1,00;1,02;1,03;1,04;1,05;1,06;1,06
Billund Kommune;530;M;M;M;0,73;0,74;0,72;0,74;0,77;0,77;0,78;0,79;0,81;0,81;0,81;0,84;0,82;0,83;0,84;0,85;0,86;0,89;0,90;0,93;0,96
Sønderborg Kommune;540;M;M;M;0,98;0,98;0,99;0,98;1,02;1,03;1,03;1,05;1,05;1,07;1,08;0,93;0,94;0,95;0,96;0,99;1,02;1,09;1,12;1,13;1,13
Tønder Kommune (3);550;M;M;M;0,68;0,71;0,70;0,71;0,73;0,73;0,75;0,77;0,80;0,80;0,81;1,13;1,13;1,10;1,14;1,17;1,13;1,15;1,16;1,16;1,17
Esbjerg Kommune (3);561;M;M;M;1,19;1,21;1,19;1,19;1,20;1,22;1,22;1,23;1,25;1,26;1,24;1,16;1,16;1,15;1,15;1,14;1,13;1,11;1,11;1,11;1,10
Fanø Kommune;563;M;M;M;0,76;0,83;0,82;0,85;0,87;0,86;0,86;0,86;0,90;0,90;0,86;0,85;0,82;0,75;0,75;0,73;0,77;0,73;0,74;0,75;0,76
Varde Kommune (3);573;M;M;M;0,55;0,57;0,56;0,57;0,58;0,56;0,60;0,62;0,63;0,65;0,64;0,81;0,83;0,80;0,80;0,83;0,82;0,84;0,89;0,89;0,90
Vejen Kommune;575;M;M;M;0,64;0,64;0,63;0,64;0,65;0,66;0,69;0,67;0,67;0,68;0,69;0,83;0,83;0,84;0,86;0,86;0,88;0,91;0,91;0,94;0,96
Aabenraa Kommune;580;M;M;M;0,94;0,92;0,92;0,92;0,96;0,98;0,99;1,01;0,99;1,00;0,99;0,99;0,98;0,98;1,00;1,04;1,03;1,05;1,07;1,07;1,07
Fredericia Kommune;607;M;M;M;1,23;1,21;1,19;1,18;1,21;1,23;1,26;1,25;1,26;1,24;1,23;1,12;1,11;1,10;1,11;1,09;1,10;1,12;1,13;1,14;1,13
Kolding Kommune (3);621;M;M;M;0,94;0,95;0,95;0,95;0,99;0,98;1,00;1,01;1,02;1,03;1,02;0,93;0,93;0,94;0,92;0,91;0,92;0,95;0,95;0,95;0,95
Vejle Kommune (3);630;M;M;M;0,89;0,90;0,89;0,90;0,89;0,90;0,91;0,91;0,93;0,94;0,94;0,89;0,88;0,89;0,89;0,88;0,89;0,93;0,94;0,94;0,95
Horsens Kommune (3);615;M;M;M;0,98;1,01;1,00;0,99;1,00;0,99;0,99;1,00;0,98;0,99;0,97;1,01;1,00;1,01;1,02;1,03;1,01;0,99;1,00;1,01;1,00
Herning Kommune;657;M;M;M;0,73;0,74;0,73;0,76;0,77;0,77;0,79;0,80;0,80;0,83;0,84;0,86;0,85;0,85;0,85;0,85;0,86;0,88;0,89;0,88;0,88
Holstebro Kommune;661;M;M;M;0,79;0,78;0,76;0,78;0,78;0,81;0,83;0,84;0,84;0,86;0,86;0,87;0,86;0,86;0,85;0,85;0,84;0,87;0,87;0,87;0,85
Lemvig Kommune;665;M;M;M;0,57;0,59;0,55;0,57;0,56;0,57;0,60;0,60;0,61;0,64;0,63;1,04;0,98;0,99;1,01;0,94;0,92;0,91;0,87;0,90;0,94
Struer Kommune;671;M;M;M;0,78;0,77;0,76;0,76;0,77;0,77;0,80;0,83;0,82;0,84;0,84;0,96;0,96;0,96;0,99;0,97;1,04;1,03;1,06;1,06;1,05
Syddjurs Kommune;706;M;M;M;0,74;0,76;0,74;0,74;0,73;0,75;0,76;0,77;0,77;0,78;0,78;0,75;0,74;0,76;0,76;0,75;0,75;0,79;0,79;0,79;0,81
Norddjurs Kommune (3);707;M;M;M;0,81;0,85;0,83;0,87;0,88;0,89;0,92;0,95;0,96;0,95;0,95;1,00;1,00;0,98;1,04;1,03;1,06;1,07;1,05;1,04;1,02
Favrskov Kommune (3);710;M;M;M;0,62;0,63;0,63;0,63;0,63;0,62;0,61;0,64;0,66;0,66;0,63;0,61;0,59;0,59;0,59;0,60;0,60;0,66;0,65;0,66;0,66
Odder Kommune;727;M;M;M;0,84;0,85;0,84;0,85;0,85;0,83;0,84;0,85;0,85;0,85;0,86;0,68;0,66;0,66;0,66;0,66;0,67;0,71;0,72;0,72;0,73
Randers Kommune (3);730;M;M;M;1,03;1,04;1,01;1,02;1,01;1,03;1,06;1,07;1,07;1,08;1,06;1,01;1,01;0,98;0,98;0,96;0,97;0,98;0,98;0,97;0,98
Silkeborg Kommune;740;M;M;M;0,89;0,90;0,89;0,91;0,90;0,88;0,87;0,89;0,91;0,92;0,91;0,77;0,75;0,75;0,75;0,75;0,75;0,81;0,82;0,81;0,82
Samsø Kommune;741;M;M;M;0,78;0,81;0,83;0,85;0,83;0,86;0,83;0,86;0,84;0,80;0,86;1,10;1,03;1,15;1,24;1,08;1,26;1,18;1,14;1,09;1,12
Skanderborg Kommune (3);746;M;M;M;0,77;0,78;0,76;0,78;0,77;0,77;0,77;0,77;0,77;0,76;0,75;0,61;0,60;0,59;0,60;0,59;0,59;0,64;0,62;0,63;0,62
Aarhus Kommune;751;M;M;M;1,44;1,43;1,44;1,45;1,42;1,43;1,40;1,40;1,39;1,38;1,37;1,10;1,11;1,12;1,12;1,10;1,08;1,05;1,05;1,05;1,04
Ikast-Brande Kommune;756;M;M;M;0,78;0,78;0,76;0,82;0,84;0,85;0,85;0,86;0,89;0,88;0,88;0,92;0,91;0,90;0,90;0,88;0,88;0,90;0,91;0,90;0,92
Ringkøbing-Skjern Kommune;760;M;M;M;0,50;0,51;0,50;0,52;0,54;0,54;0,56;0,56;0,58;0,59;0,58;0,75;0,73;0,75;0,74;0,80;0,83;0,86;0,85;0,88;0,88
Hedensted Kommune (3);766;M;M;M;0,52;0,53;0,51;0,51;0,51;0,50;0,53;0,53;0,55;0,57;0,60;0,70;0,69;0,69;0,69;0,70;0,71;0,75;0,76;0,79;0,77
Skive Kommune;779;M;M;M;0,74;0,78;0,77;0,79;0,77;0,79;0,79;0,79;0,79;0,82;0,82;0,91;0,89;0,89;0,90;0,91;0,92;0,98;0,97;1,00;1,01
Viborg Kommune (3);791;M;M;M;0,77;0,78;0,78;0,76;0,78;0,78;0,79;0,80;0,83;0,84;0,83;0,80;0,79;0,80;0,79;0,79;0,81;0,83;0,84;0,86;0,87
Morsø Kommune;773;M;M;M;0,68;0,70;0,68;0,70;0,68;0,68;0,68;0,69;0,71;0,71;0,72;1,04;1,04;1,07;1,10;1,15;1,18;1,14;1,14;1,14;1,16
Thisted Kommune;787;M;M;M;0,66;0,69;0,67;0,69;0,70;0,69;0,71;0,71;0,72;0,71;0,70;0,96;0,96;0,96;0,99;0,98;0,99;0,98;0,99;0,99;1,00
Brønderslev Kommune;810;M;M;M;0,72;0,72;0,75;0,77;0,77;0,77;0,78;0,80;0,81;0,84;0,82;0,87;0,85;0,85;0,86;0,83;0,84;0,84;0,87;0,86;0,87
Frederikshavn Kommune;813;M;M;M;1,00;1,01;1,00;1,02;1,01;1,02;1,03;1,06;1,07;1,04;1,03;1,14;1,10;1,10;1,10;1,09;1,07;1,06;1,05;1,04;1,03
Vesthimmerlands Kommune (3);820;M;M;M;0,61;0,63;0,62;0,64;0,65;0,65;0,65;0,68;0,71;0,70;0,71;0,92;0,92;0,91;0,93;1,02;1,03;1,08;1,05;1,05;1,04
Læsø Kommune;825;M;M;M;0,89;0,90;0,88;0,88;0,91;0,86;0,93;0,84;0,86;0,85;0,79;1,27;1,25;1,40;1,24;1,15;1,09;1,17;1,11;1,11;1,11
Rebild Kommune (3);840;M;M;M;0,56;0,57;0,54;0,56;0,54;0,56;0,57;0,60;0,62;0,63;0,65;0,67;0,65;0,67;0,67;0,66;0,66;0,69;0,69;0,71;0,69
Mariagerfjord Kommune (3);846;M;M;M;0,69;0,72;0,70;0,72;0,73;0,74;0,74;0,74;0,74;0,76;0,75;0,89;0,88;0,86;0,87;0,89;0,89;0,87;0,93;0,91;0,91
Jammerbugt Kommune;849;M;M;M;0,61;0,60;0,59;0,60;0,59;0,59;0,57;0,60;0,65;0,65;0,64;0,90;0,86;0,86;0,89;0,88;0,88;0,86;0,87;0,88;0,88
Aalborg Kommune;851;M;M;M;1,18;1,19;1,19;1,19;1,18;1,18;1,18;1,18;1,19;1,19;1,18;1,00;0,99;1,00;1,01;1,01;0,99;0,96;0,95;0,94;0,95
Hjørring Kommune;860;M;M;M;0,80;0,81;0,81;0,82;0,82;0,81;0,85;0,86;0,88;0,89;0,90;0,97;0,97;0,95;0,97;0,97;0,98;0,96;0,95;0,96;0,97
Gennemsnit (15);;M;M;M;1,00;1,00;1,00;1,00;1,00;1,00;1,00;1,00;1,00;1,00;1,00;1,00;1,00;1,00;1,00;1,00;1,00;1,00;1,00;1,00;1,00
;;;;;;;;;;;;;;;;;;;;;;;;;
Indtægter fra indkomstskat pr. indb.;;;;;;;;;;;;;;;;;;;;;;;;;
Københavns Kommune;101;U;U;U;U;U;U;U;U;U;U;U;U;U;U;33.116;33.718;33.428;34.689;35.995;36.397;38.088;39.322;38.592;M
Frederiksberg Kommune;147;U;U;U;U;U;U;U;U;U;U;U;U;U;U;40.803;41.662;41.209;39.716;40.318;42.792;47.812;46.919;46.668;M
Ballerup Kommune;151;19.046;20.868;21.873;23.608;24.822;25.565;26.088;26.058;26.817;28.121;28.541;29.082;29.942;28.732;36.305;36.999;36.904;37.744;39.102;40.673;42.806;43.183;43.660;M
Brøndby Kommune;153;18.179;19.109;18.811;18.853;19.785;20.632;21.441;21.540;22.075;23.027;24.108;24.457;26.365;26.826;32.140;32.844;33.025;34.108;34.680;35.984;37.055;36.945;36.599;M
Dragør Kommune;155;23.046;23.695;23.851;25.917;27.894;28.978;29.619;29.650;32.100;33.875;34.229;35.050;34.678;35.846;43.239;43.530;42.026;40.470;41.503;44.596;49.521;50.347;51.530;M
Gentofte Kommune;157;23.330;26.622;30.511;33.549;33.830;35.131;37.154;38.336;40.263;45.145;45.283;45.784;42.212;43.895;52.877;54.962;54.807;50.328;57.106;58.020;63.319;60.377;60.685;M
Gladsaxe Kommune;159;19.305;20.727;20.415;22.909;23.476;23.863;24.546;24.438;25.418;27.151;28.492;28.478;28.473;29.559;35.193;36.933;35.677;36.264;38.073;39.203;41.781;41.783;41.569;M
Glostrup Kommune;161;18.867;20.910;20.909;23.002;23.110;23.982;24.512;24.127;25.012;26.202;27.440;27.455;28.385;28.622;34.855;36.365;36.155;36.898;38.659;39.543;40.582;40.663;40.237;M
Herlev Kommune;163;17.814;18.738;20.065;22.122;21.511;21.966;22.731;22.658;23.139;24.715;25.913;26.862;27.022;27.614;33.194;33.990;34.406;34.708;37.100;37.890;39.364;38.777;38.542;M
Albertslund Kommune;165;17.225;16.908;17.821;20.917;21.070;20.959;21.704;21.203;22.408;24.863;25.450;25.614;27.122;27.401;32.157;32.346;32.258;32.319;33.519;35.224;37.244;37.333;37.510;M
Hvidovre Kommune;167;17.970;18.802;20.063;22.823;22.657;22.949;23.598;23.668;24.612;25.566;26.426;26.813;27.736;27.651;33.967;35.434;35.700;36.195;37.026;38.571;40.229;40.360;41.031;M
Høje-Taastrup Kommune;169;17.059;19.007;19.325;21.291;21.393;21.792;22.412;23.030;23.796;25.275;26.077;27.080;27.627;27.525;32.464;33.326;33.724;35.628;36.241;36.923;38.438;38.675;38.587;M
Lyngby-Taarbæk Kommune;173;22.989;24.267;24.809;27.876;28.694;28.727;31.406;31.414;32.755;36.419;36.522;37.396;35.443;34.042;43.851;45.280;45.337;45.627;45.462;47.084;51.701;52.311;53.622;M
Rødovre Kommune;175;19.369;20.682;20.350;23.067;23.408;23.352;23.752;23.594;24.819;25.624;26.847;27.399;27.942;27.279;33.441;35.945;36.410;37.657;38.458;39.333;40.787;41.148;41.425;M
Ishøj Kommune;183;15.611;16.752;16.698;18.598;19.759;19.557;20.384;20.931;21.754;22.398;23.313;24.430;25.473;25.554;29.647;31.305;31.524;32.679;33.429;33.838;35.038;35.016;34.385;M
Tårnby Kommune;185;18.173;18.877;19.113;21.385;21.087;22.496;22.784;23.285;23.806;25.314;25.884;26.619;26.763;27.225;31.833;33.488;33.161;33.808;35.137;36.670;38.375;39.128;38.702;M
Vallensbæk Kommune;187;20.202;20.913;23.106;25.505;25.577;26.706;27.497;27.894;28.964;31.297;31.356;32.339;32.850;33.301;39.796;40.696;38.459;37.836;42.756;39.825;45.775;45.174;44.615;M
Furesø Kommune;190;21.824;23.495;24.284;24.888;26.771;28.302;28.638;29.137;31.494;33.588;37.070;37.432;35.499;37.125;45.422;47.334;46.699;45.993;47.225;50.670;52.956;53.156;53.084;M
Allerød Kommune;201;20.681;21.140;21.091;23.798;26.085;26.740;29.057;28.305;29.698;34.148;34.123;33.969;32.932;34.197;46.491;48.503;44.827;44.557;42.497;47.455;51.512;53.272;52.932;M
Fredensborg Kommune;210;18.298;19.198;20.237;22.611;23.137;24.182;27.600;28.804;27.718;29.571;31.135;32.487;32.592;32.672;39.825;40.853;40.231;41.241;44.079;44.483;48.020;48.830;49.509;M
Helsingør Kommune;217;18.758;19.967;20.572;22.600;23.070;23.481;24.319;24.666;26.680;29.456;29.136;28.060;34.376;29.741;35.474;36.921;37.185;36.389;36.860;39.394;42.551;43.026;43.858;M
Hillerød Kommune (3);219;17.910;19.294;20.500;22.746;24.529;24.625;25.368;25.917;26.870;28.839;30.427;30.502;32.433;28.877;39.644;38.344;39.129;37.522;40.650;41.678;45.551;45.914;46.518;M
Hørsholm Kommune;223;19.474;21.960;23.051;23.371;28.981;32.106;33.527;33.737;36.236;42.721;43.916;42.437;43.194;43.084;50.568;53.763;54.779;54.486;56.959;56.023;62.447;61.671;61.687;M
Rudersdal Kommune;230;24.808;26.861;27.908;30.178;30.633;32.467;35.665;37.136;40.625;44.012;43.349;43.233;42.526;43.056;49.995;50.418;51.714;50.813;49.362;51.244;58.790;58.025;59.340;M
Egedal Kommune;240;19.871;20.206;20.787;23.047;24.323;25.081;26.471;26.267;27.515;30.414;31.126;32.316;31.115;30.082;39.131;39.731;39.647;39.554;40.123;42.951;46.588;47.130;47.243;M
Frederikssund Kommune (3);250;16.731;17.937;19.164;20.474;21.505;22.768;23.477;23.197;24.949;26.390;27.410;27.863;28.334;27.234;35.432;36.780;36.420;36.861;37.238;39.923;41.337;42.019;42.640;M
Halsnæs Kommune;260;15.262;16.465;16.579;18.004;18.902;19.614;21.407;21.369;22.495;24.020;25.003;25.572;25.641;25.972;31.338;32.524;32.324;33.679;33.727;35.600;37.436;38.967;39.047;M
Gribskov Kommune;270;14.390;15.874;17.328;19.104;19.201;19.597;21.420;22.189;23.674;24.360;25.240;25.698;26.285;25.528;31.612;33.189;34.323;37.175;34.362;36.431;39.779;40.294;41.728;M
Bornholms Kommune;400;U;U;U;U;U;U;U;U;U;U;U;U;U;U;28.954;29.468;30.354;30.683;32.276;34.008;36.342;37.310;38.159;M
Greve Kommune;253;17.612;18.874;20.428;21.913;22.090;22.184;23.593;23.894;24.942;26.423;27.078;28.349;29.056;28.922;35.242;37.214;36.886;36.231;39.061;39.870;42.479;43.054;42.861;M
Køge Kommune;259;16.517;17.479;18.408;20.092;21.457;21.780;22.721;22.609;23.927;25.244;25.609;25.534;26.171;25.949;32.168;33.830;33.957;35.781;34.897;36.582;38.597;38.996;39.044;M
Roskilde Kommune;265;18.774;19.800;20.480;22.189;23.111;23.650;24.770;25.162;26.802;28.218;29.091;29.541;30.084;28.435;37.136;38.046;38.973;38.624;40.407;41.293;44.266;44.810;45.261;M
Solrød Kommune;269;17.712;18.868;19.368;21.764;23.499;23.949;25.078;25.062;26.144;27.545;27.910;29.059;30.434;30.488;36.739;38.970;39.767;42.483;41.414;41.749;44.132;44.388;44.630;M
Odsherred Kommune;306;13.884;15.774;16.626;18.572;19.482;19.331;20.448;20.295;21.729;23.049;24.210;24.582;25.260;26.027;32.084;32.639;33.122;32.934;33.334;33.176;36.782;38.394;38.973;M
Holbæk Kommune;316;15.704;17.181;17.817;19.423;20.011;20.316;21.008;21.269;22.615;24.796;24.896;24.503;25.553;25.415;30.740;32.550;31.891;33.130;32.696;33.989;37.770;38.837;39.054;M
Faxe Kommune;320;14.970;16.439;16.996;19.000;20.561;20.764;21.471;21.850;23.170;24.155;25.519;24.958;26.065;25.734;32.382;34.685;33.955;35.620;32.926;33.574;38.126;38.609;39.004;M
Kalundborg Kommune;326;14.379;16.253;16.633;18.437;19.358;19.221;20.057;20.709;22.013;22.713;23.579;23.920;24.886;25.045;30.940;31.813;32.028;34.512;33.121;35.500;37.359;37.607;37.803;M
Ringsted Kommune;329;15.915;17.166;17.466;19.134;20.229;21.527;22.236;22.623;23.189;24.527;25.452;25.884;26.143;25.396;32.585;34.891;34.398;35.986;35.717;36.121;39.458;40.083;40.367;M
Slagelse Kommune;330;15.164;16.741;17.264;18.374;18.941;19.853;19.920;20.606;21.404;22.620;23.638;23.852;24.639;24.475;29.338;30.178;30.681;31.992;32.498;34.067;35.703;36.197;36.208;M
Stevns Kommune;336;14.038;15.418;16.327;18.468;19.619;20.198;20.928;21.125;22.588;24.782;25.406;25.495;25.625;25.356;31.387;33.276;33.100;33.463;35.003;35.532;37.810;38.404;38.548;M
Sorø Kommune;340;15.313;16.239;17.205;19.227;20.338;21.197;21.410;21.151;22.684;24.373;24.791;25.444;25.652;25.356;33.437;35.253;33.913;34.940;33.718;36.148;39.446;39.850;40.625;M
Lejre Kommune;350;16.070;16.782;18.277;20.040;20.775;22.262;23.505;23.150;24.683;26.061;26.814;27.489;27.908;28.221;34.788;35.422;36.887;37.259;38.080;40.035;43.142;43.201;43.950;M
Lolland Kommune;360;14.269;16.027;16.334;17.632;17.922;19.013;19.887;20.365;20.766;21.607;22.821;23.139;24.421;24.728;30.020;30.947;31.298;32.383;32.807;35.752;37.249;37.754;38.470;M
Næstved Kommune;370;14.955;16.001;16.520;18.514;19.427;19.708;20.449;20.741;21.725;22.819;23.597;23.883;24.036;23.594;31.052;32.488;32.130;32.631;32.921;35.062;37.035;37.420;37.802;M
Guldborgsund Kommune;376;13.962;15.454;15.687;17.199;17.581;18.409;18.937;18.881;19.510;20.959;21.691;22.075;22.775;22.884;27.431;29.003;30.008;31.671;32.517;34.198;36.087;36.266;36.847;M
Vordingborg Kommune;390;14.146;15.689;16.373;18.340;18.987;19.054;19.868;20.061;20.841;22.073;22.936;23.301;23.843;23.560;28.327;29.926;30.620;31.910;31.413;33.765;36.043;36.429;36.412;M
Middelfart Kommune;410;14.602;16.312;16.704;18.319;19.214;20.376;21.435;21.282;22.263;23.444;23.776;24.201;25.560;25.553;31.443;32.586;32.795;35.168;35.090;35.047;38.435;39.169;40.468;M
Assens Kommune;420;13.891;15.178;15.573;17.701;18.637;19.020;19.639;19.741;20.806;21.627;22.795;23.159;24.136;24.479;30.793;30.874;31.659;32.919;33.608;35.087;36.636;37.427;38.152;M
Faaborg-Midtfyn Kommune;430;13.554;15.355;16.151;17.674;18.485;19.020;19.536;19.845;20.531;22.249;23.167;23.485;23.921;24.245;29.986;30.937;31.122;33.265;33.793;34.791;36.640;37.437;37.882;M
Kerteminde Kommune;440;15.215;16.570;16.922;18.544;19.097;19.296;20.484;20.682;21.956;22.867;23.833;23.925;24.993;24.662;30.861;33.028;32.807;34.010;33.934;36.036;38.393;38.839;38.521;M
Nyborg Kommune;450;15.655;17.024;17.271;18.553;19.424;20.202;20.395;20.517;21.135;21.783;23.704;24.221;25.228;25.848;31.048;32.512;32.597;33.936;34.922;36.620;38.537;38.949;39.140;M
Odense Kommune;461;15.948;17.657;17.928;20.321;20.690;20.441;21.210;21.380;22.684;23.453;24.289;24.302;25.168;25.772;30.392;30.866;31.279;31.211;32.136;33.898;35.520;35.309;35.515;M
Svendborg Kommune;479;14.458;16.048;16.536;18.039;18.468;19.927;20.693;20.317;21.910;22.296;22.873;23.249;24.563;25.357;30.085;30.910;31.436;34.093;35.513;35.885;37.739;38.369;39.399;M
Nordfyns Kommune;480;13.471;15.161;16.015;17.250;18.691;19.368;20.005;20.237;21.166;21.863;23.097;22.977;23.513;22.487;29.163;29.469;30.133;32.189;33.193;34.351;36.044;37.160;37.394;M
Langeland Kommune;482;12.465;14.358;15.574;16.407;16.833;18.087;19.224;18.811;20.277;21.368;22.421;22.425;22.997;23.463;27.883;31.531;32.744;34.264;35.907;36.942;38.545;38.581;39.308;M
Ærø Kommune;492;11.503;13.810;14.245;15.527;16.103;17.071;17.756;18.748;19.486;20.749;21.507;22.269;23.519;23.711;26.630;28.732;30.723;33.093;33.993;33.712;35.755;36.807;38.195;M
Haderslev Kommune (3);510;13.967;15.759;16.303;18.087;19.194;20.048;20.577;20.251;22.151;23.238;24.437;24.844;24.936;24.377;31.192;32.135;32.199;34.648;34.625;35.748;37.593;38.057;38.313;M
Billund Kommune;530;14.843;16.243;16.586;18.199;18.827;18.718;21.411;21.102;23.171;23.895;23.239;23.747;24.872;25.230;31.148;32.381;32.838;34.670;35.348;35.134;36.890;38.114;39.003;M
Sønderborg Kommune;540;13.237;15.129;15.978;17.630;18.533;19.146;19.811;20.150;21.544;22.497;23.361;23.893;24.192;24.590;30.012;31.777;32.171;33.251;34.130;35.393;37.152;38.429;39.535;M
Tønder Kommune (3);550;12.296;13.743;14.619;16.746;17.539;18.471;19.252;19.496;20.482;21.389;22.489;22.653;23.250;23.705;27.571;30.200;30.817;32.454;31.675;29.624;34.081;35.053;35.131;M
Esbjerg Kommune (3);561;15.834;17.674;17.882;19.298;19.695;19.998;20.735;21.500;22.412;23.404;24.471;24.210;25.072;25.932;31.507;32.839;33.316;34.837;35.463;36.105;38.506;39.053;39.737;M
Fanø Kommune;563;13.004;14.111;15.207;15.952;16.460;17.608;18.024;18.363;19.905;20.919;21.764;22.739;22.868;23.445;28.738;31.499;31.950;34.278;36.393;36.116;38.972;40.304;40.691;M
Varde Kommune (3);573;13.159;14.843;15.388;17.129;18.252;19.398;19.676;19.438;20.196;21.580;22.329;22.720;23.083;23.270;28.639;30.462;30.613;33.726;32.953;34.210;36.388;36.985;37.750;M
Vejen Kommune;575;13.319;15.142;15.229;17.098;17.907;18.613;19.128;18.971;19.953;21.204;22.125;22.348;22.522;22.455;28.280;29.018;29.465;31.758;33.138;31.845;34.222;34.877;35.756;M
Aabenraa Kommune;580;13.148;14.997;15.732;17.492;18.155;19.131;19.882;19.940;20.999;22.413;23.431;23.396;24.539;24.536;29.522;31.317;31.569;33.060;33.746;34.066;36.108;36.762;37.122;M
Fredericia Kommune;607;15.733;17.132;18.232;19.658;19.986;20.972;21.550;22.201;22.765;24.159;24.615;24.998;25.666;26.375;31.654;33.966;34.327;36.267;35.373;36.872;38.955;39.488;39.833;M
Kolding Kommune (3);621;15.877;17.811;18.221;20.132;21.898;22.152;22.641;22.498;24.115;24.635;25.450;25.285;26.320;26.437;32.658;33.713;33.071;34.154;34.173;35.438;38.042;38.678;39.005;M
Vejle Kommune (3);630;15.401;17.098;17.589;19.295;19.844;20.463;21.174;21.104;22.371;23.421;23.608;23.716;24.394;24.546;29.995;32.958;31.251;33.034;31.261;33.435;35.681;36.101;36.567;M
Horsens Kommune (3);615;15.365;17.224;17.638;19.374;20.471;20.674;21.277;21.550;23.079;23.752;24.478;24.766;25.104;25.467;30.657;32.135;31.759;33.344;32.172;31.949;35.417;35.906;36.638;M
Herning Kommune;657;15.344;16.701;16.638;19.229;20.537;20.875;21.303;20.923;22.149;24.083;24.295;24.961;24.792;24.599;30.791;31.889;31.634;32.964;32.552;33.601;35.759;36.494;37.412;M
Holstebro Kommune;661;13.992;15.101;16.155;18.320;18.982;19.617;20.343;20.656;21.593;22.976;23.984;25.211;25.452;25.281;30.739;31.998;32.539;34.964;34.302;34.745;36.755;37.515;38.419;M
Lemvig Kommune;665;13.564;14.312;14.442;16.795;18.638;19.237;20.164;20.242;20.589;22.272;23.306;23.523;23.609;24.493;28.814;30.453;31.868;34.941;34.945;34.738;39.067;38.241;38.894;M
Struer Kommune;671;14.425;15.775;16.033;17.775;18.556;19.969;21.107;20.625;20.901;22.391;23.790;23.957;24.675;23.325;29.845;31.265;31.203;32.016;34.179;34.378;36.875;37.535;38.115;M
Syddjurs Kommune;706;14.155;15.428;16.012;17.708;18.750;19.655;20.715;20.119;21.384;22.506;23.170;23.284;24.463;24.709;29.742;31.084;31.338;33.347;33.119;33.956;36.911;37.021;39.058;M
Norddjurs Kommune (3);707;13.562;15.345;15.671;17.500;18.100;19.264;20.113;19.563;20.880;21.956;22.991;23.261;24.092;24.097;28.648;29.397;30.052;32.004;31.365;32.831;34.470;34.938;35.463;M
Favrskov Kommune (3);710;14.744;16.042;16.583;18.736;19.274;20.550;21.269;20.974;22.171;23.182;23.895;24.203;25.103;25.259;30.993;32.098;31.499;32.717;34.107;35.065;37.806;38.902;39.409;M
Odder Kommune;727;14.992;16.313;16.194;18.440;19.948;19.676;20.330;20.927;21.788;23.087;23.142;23.806;24.518;24.739;29.870;32.380;32.387;33.333;32.926;35.088;37.726;38.364;38.701;M
Randers Kommune (3);730;14.820;16.659;16.737;18.850;19.765;20.223;21.013;20.870;22.320;23.229;23.987;24.376;25.028;25.423;30.172;31.678;31.900;33.487;33.762;34.482;36.261;36.837;37.230;M
Silkeborg Kommune;740;14.962;16.534;17.201;18.530;20.164;21.100;21.964;21.402;22.542;23.200;24.390;24.171;25.284;25.281;31.507;33.711;33.625;35.769;34.736;35.941;37.978;38.617;39.033;M
Samsø Kommune;741;11.675;13.406;15.372;17.270;19.347;20.336;18.645;20.358;21.266;20.403;23.235;23.828;25.450;24.640;28.773;29.542;30.864;32.508;34.547;35.344;36.593;37.879;39.336;M
Skanderborg Kommune (3);746;15.696;17.098;17.163;18.822;19.927;20.443;21.345;21.597;22.498;23.427;24.438;24.875;25.737;25.946;31.826;34.066;33.866;35.397;35.229;37.070;40.432;40.925;41.612;M
Aarhus Kommune;751;16.944;18.554;18.698;20.393;21.209;21.746;22.143;22.076;23.245;24.282;24.766;25.565;26.180;27.009;32.263;33.396;32.961;33.408;33.351;35.173;37.573;38.059;38.359;M
Ikast-Brande Kommune;756;14.295;16.323;16.288;18.272;18.702;19.310;20.118;20.371;20.838;22.349;22.807;23.241;23.843;23.661;29.494;31.069;30.515;32.953;32.257;33.001;35.317;36.017;37.234;M
Ringkøbing-Skjern Kommune;760;13.169;14.373;14.835;16.812;18.081;18.545;19.344;19.729;19.916;21.365;22.518;23.693;23.425;22.484;28.133;30.869;30.901;33.616;33.285;31.755;35.786;37.017;38.364;M
Hedensted Kommune (3);766;12.765;14.582;14.752;16.596;17.643;18.390;19.054;18.960;20.451;22.052;23.019;23.320;23.924;23.068;30.147;32.723;32.620;32.945;32.095;30.468;36.391;37.674;37.993;M
Skive Kommune;779;13.738;15.459;15.536;17.688;18.527;19.593;20.064;19.612;20.924;22.085;22.926;24.872;23.753;24.419;29.753;31.599;32.036;34.038;33.499;34.636;36.245;36.900;37.553;M
Viborg Kommune (3);791;14.320;15.650;16.086;17.759;18.638;19.651;20.815;20.952;21.595;22.485;23.654;24.118;24.717;24.797;31.384;33.186;33.853;35.330;35.037;33.639;38.096;38.297;38.448;M
Morsø Kommune;773;12.035;13.883;14.636;16.132;16.553;18.109;19.513;19.460;19.550;20.964;21.969;22.544;22.740;22.223;28.354;30.382;30.993;30.454;33.428;29.539;34.299;36.177;37.086;M
Thisted Kommune;787;13.668;15.297;15.159;17.528;18.326;18.848;19.758;19.572;20.425;21.499;22.496;22.937;23.195;23.298;28.531;30.390;31.148;32.821;34.055;33.226;35.420;36.616;36.815;M
Brønderslev Kommune;810;13.771;15.326;15.275;17.662;18.517;18.935;19.664;19.749;19.812;21.201;22.556;22.841;22.981;22.287;28.655;30.218;31.314;33.721;32.543;31.993;36.020;36.875;37.483;M
Frederikshavn Kommune;813;13.950;15.732;16.775;18.625;18.916;19.129;20.282;20.207;21.244;22.386;22.961;23.418;24.728;25.385;29.251;30.569;32.064;33.261;33.901;35.051;37.059;38.422;39.067;M
Vesthimmerlands Kommune (3);820;12.389;13.897;14.634;16.382;17.501;18.363;19.479;19.612;20.307;21.042;22.173;22.371;23.616;23.914;29.093;30.543;31.849;34.281;35.182;31.972;36.127;36.801;37.591;M
Læsø Kommune;825;12.430;13.400;13.616;16.069;17.027;18.578;19.599;19.879;20.843;22.437;23.158;23.354;24.725;25.041;29.527;31.548;32.304;32.508;31.185;32.300;36.900;38.308;38.738;M
Rebild Kommune (3);840;13.489;14.701;15.348;17.397;18.108;18.961;20.134;20.658;21.452;22.917;23.556;23.809;23.712;23.342;30.033;31.381;31.599;33.913;33.389;32.302;36.104;37.091;38.159;M
Mariagerfjord Kommune (3);846;13.288;14.610;15.218;17.179;17.969;18.818;19.425;19.328;19.904;20.887;21.970;22.334;23.303;23.561;29.032;30.760;31.067;33.500;33.496;34.332;36.605;37.409;37.699;M
Jammerbugt Kommune;849;12.634;14.599;15.116;17.128;17.948;18.911;19.576;19.884;21.025;21.817;22.824;22.934;23.801;24.007;28.394;29.825;30.357;31.562;31.721;31.040;35.222;36.325;37.673;M
Aalborg Kommune;851;15.832;17.568;18.110;19.792;20.428;21.202;21.742;21.251;22.469;23.941;24.825;24.754;25.533;25.922;31.601;32.426;32.597;33.545;34.754;35.389;37.244;37.420;37.840;M
Hjørring Kommune;860;13.683;15.148;15.574;17.473;18.072;18.488;19.564;19.912;19.966;20.729;22.341;22.970;23.678;23.695;28.859;29.494;30.217;31.335;33.338;33.400;35.570;36.562;37.725;M
Gennemsnit (6) (15);;U;U;U;U;U;U;U;U;U;U;U;U;U;U;32.534;33.824;33.902;34.957;35.466;36.445;39.034;39.570;39.923;M
;;;;;;;;;;;;;;;;;;;;;;;;;
Udg. til kultur pr. indb.;;;;;;;;;;;;;;;;;;;;;;;;;
Københavns Kommune;101;201;203;221;257;280;313;326;308;328;315;350;315;299;401;421;473;548;475;598;569;580;552;474;M
Frederiksberg Kommune;147;209;267;290;347;269;292;279;215;155;171;165;182;178;188;216;222;236;268;265;277;313;320;336;M
Ballerup Kommune;151;360;345;404;455;416;419;506;518;617;566;620;603;614;588;615;653;790;662;656;949;946;902;697;M
Brøndby Kommune;153;63;69;77;143;94;96;107;122;128;129;141;142;143;162;154;152;147;161;158;194;383;426;378;M
Dragør Kommune;155;199;225;213;299;227;266;315;267;332;315;359;385;426;384;306;358;441;435;389;415;407;427;464;M
Gentofte Kommune;157;31;32;59;105;71;72;81;81;83;98;88;102;134;142;213;237;245;259;267;287;312;345;358;M
Gladsaxe Kommune;159;182;207;210;261;195;183;191;197;201;216;218;220;212;225;310;397;422;384;359;364;351;366;387;M
Glostrup Kommune;161;106;142;138;184;138;137;158;209;260;256;264;290;271;278;313;286;231;221;299;264;242;272;278;M
Herlev Kommune;163;298;308;342;421;342;323;343;358;390;422;481;679;676;773;791;805;1.035;925;972;930;890;930;852;M
Albertslund Kommune;165;548;628;562;774;673;674;699;728;789;814;825;925;940;918;1.016;1.068;1.088;987;909;935;960;976;970;M
Hvidovre Kommune;167;120;148;168;330;243;289;256;329;379;432;446;490;506;557;528;704;690;568;568;586;668;611;561;M
Høje-Taastrup Kommune;169;335;366;407;442;393;412;406;428;474;513;536;584;604;589;646;662;738;691;629;603;533;532;530;M
Lyngby-Taarbæk Kommune;173;351;337;376;646;453;618;472;799;506;596;586;582;592;591;591;623;652;631;435;398;426;348;369;M
Rødovre Kommune;175;234;273;291;321;287;325;340;371;403;402;446;462;474;457;486;494;583;604;598;666;705;670;593;M
Ishøj Kommune;183;556;580;732;970;676;910;892;979;943;930;950;938;916;919;1.760;1.955;2.099;1.071;1.161;1.089;1.068;1.173;973;M
Tårnby Kommune;185;168;252;274;368;290;311;307;314;337;342;380;393;405;430;436;462;497;503;503;507;514;510;508;M
Vallensbæk Kommune;187;99;121;135;163;149;158;166;181;201;209;218;234;265;260;280;314;278;298;287;284;299;372;334;M
Furesø Kommune;190;328;347;388;388;460;514;576;583;548;537;511;514;521;652;765;810;864;826;849;998;1.126;1.062;1.090;M
Allerød Kommune;201;308;304;337;343;368;403;417;476;533;538;605;634;661;694;584;614;691;646;639;648;672;638;704;M
Fredensborg Kommune;210;177;183;207;232;234;239;271;280;291;318;344;461;344;365;391;411;433;352;380;424;434;457;425;M
Helsingør Kommune;217;265;261;291;415;397;401;439;529;560;596;724;653;671;732;700;802;814;899;1.041;1.059;1.219;1.417;1.177;M
Hillerød Kommune (3);219;222;254;276;285;275;287;304;314;327;335;357;385;408;356;412;416;393;394;372;384;392;422;431;M
Hørsholm Kommune;223;509;475;560;636;611;604;663;656;824;682;653;650;649;873;921;950;1.015;852;856;931;947;960;1.084;M
Rudersdal Kommune;230;337;307;310;381;348;433;460;462;443;472;492;531;552;568;651;732;780;795;759;762;789;778;759;M
Egedal Kommune;240;191;196;210;230;223;239;237;245;249;261;270;284;289;281;274;294;259;263;261;269;232;244;267;M
Frederikssund Kommune (3);250;173;203;191;225;207;205;225;291;341;334;335;363;445;400;462;538;538;587;533;564;584;502;579;M
Halsnæs Kommune;260;219;228;251;349;331;295;311;338;343;373;368;412;453;510;513;540;507;487;472;478;512;514;515;M
Gribskov Kommune;270;84;93;94;107;107;128;174;177;208;243;239;271;256;253;413;408;439;441;542;567;471;367;305;M
Bornholms Kommune;400;45;36;36;58;49;51;60;76;90;82;321;348;411;445;445;442;525;526;568;567;609;616;574;M
Greve Kommune;253;184;234;369;397;420;454;431;446;428;446;459;511;515;514;546;559;574;575;574;596;639;737;604;M
Køge Kommune;259;215;248;262;284;293;301;349;370;372;382;392;410;452;457;472;499;587;552;645;749;806;747;728;M
Roskilde Kommune;265;198;218;236;244;245;293;278;300;330;361;414;430;484;509;526;640;715;757;755;753;770;856;823;M
Solrød Kommune;269;62;70;73;93;92;79;84;66;84;94;88;93;90;94;107;115;125;118;109;109;106;111;124;M
Odsherred Kommune;306;252;243;305;335;339;334;373;362;375;403;415;454;482;533;456;467;490;449;457;460;486;533;538;M
Holbæk Kommune;316;209;232;253;293;285;311;325;338;339;327;342;347;367;397;397;440;451;484;482;479;518;560;578;M
Faxe Kommune;320;94;102;133;114;171;181;195;200;227;203;220;217;249;227;170;197;207;225;223;238;251;287;310;M
Kalundborg Kommune;326;120;122;143;151;166;164;174;189;200;211;224;235;281;294;259;276;343;346;322;321;435;377;331;M
Ringsted Kommune;329;529;667;588;616;654;685;702;768;619;637;676;671;779;794;902;1.018;931;999;891;1.085;865;929;504;M
Slagelse Kommune;330;166;186;218;227;241;270;273;295;304;335;333;431;455;476;414;458;485;543;493;510;530;544;550;M
Stevns Kommune;336;32;51;41;49;45;44;48;52;50;52;54;74;76;84;112;502;126;129;142;156;165;239;250;M
Sorø Kommune;340;118;117;132;149;161;177;177;196;222;227;238;260;280;295;283;283;341;368;397;383;374;363;381;M
Lejre Kommune;350;149;174;184;206;193;193;209;220;272;284;308;317;334;350;360;358;388;404;427;510;605;596;484;M
Lolland Kommune;360;99;98;111;123;141;162;174;191;201;232;248;263;251;249;315;373;423;463;439;482;464;459;493;M
Næstved Kommune;370;162;163;180;189;193;238;250;252;263;349;343;348;352;373;365;450;496;513;481;571;565;578;537;M
Guldborgsund Kommune;376;160;168;171;228;252;258;270;295;301;324;320;324;362;451;490;574;631;632;604;641;629;634;583;M
Vordingborg Kommune;390;186;203;193;227;273;277;286;314;284;317;355;386;405;437;1.056;1.029;1.182;733;738;709;895;808;707;M
Middelfart Kommune;410;173;184;210;220;224;237;246;260;275;266;274;301;305;324;331;345;369;370;359;364;370;400;387;M
Assens Kommune;420;186;213;202;222;213;211;214;232;258;267;264;273;300;316;359;394;402;387;394;397;423;473;471;M
Faaborg-Midtfyn Kommune;430;201;217;225;243;245;268;269;281;298;311;316;319;324;336;328;357;362;371;397;373;364;394;485;M
Kerteminde Kommune;440;101;132;155;154;273;261;367;365;437;441;536;441;447;478;555;568;519;540;516;621;570;595;606;M
Nyborg Kommune;450;129;145;126;124;144;166;160;164;173;161;165;166;178;198;225;236;303;327;353;414;412;412;467;M
Odense Kommune;461;540;586;600;650;763;709;766;798;835;908;905;980;1.141;1.141;1.357;1.527;1.537;1.646;1.615;1.446;1.534;1.514;1.086;M
Svendborg Kommune;479;178;207;219;237;261;249;287;279;301;311;320;336;464;552;618;605;546;616;580;602;624;631;657;M
Nordfyns Kommune;480;182;202;214;221;233;248;246;265;264;265;280;310;316;349;350;382;389;406;420;375;362;387;374;M
Langeland Kommune;482;424;431;443;541;628;584;681;696;753;850;898;1.014;980;1.302;915;1.041;1.085;1.479;1.380;1.710;1.607;1.977;1.350;M
Ærø Kommune;492;220;146;158;182;205;191;200;226;300;327;355;378;385;373;429;541;557;610;620;569;629;636;645;M
Haderslev Kommune (3);510;198;229;243;275;339;362;382;405;432;459;467;492;581;594;495;548;564;591;574;587;608;650;626;M
Billund Kommune;530;277;292;349;379;389;398;352;371;393;423;439;433;463;464;434;448;495;473;458;575;546;584;570;M
Sønderborg Kommune;540;177;128;153;147;169;180;181;164;189;194;197;224;231;268;366;423;486;603;691;676;556;556;443;M
Tønder Kommune (3);550;69;79;101;121;150;172;184;196;173;185;190;215;285;251;275;295;322;379;375;355;341;363;385;M
Esbjerg Kommune (3);561;274;311;328;368;459;529;602;595;648;641;655;679;715;728;845;888;969;1.089;982;1.005;855;911;886;M
Fanø Kommune;563;237;242;280;263;303;346;316;404;351;313;338;320;274;296;342;291;423;422;813;667;505;425;435;M
Varde Kommune (3);573;170;155;169;193;178;189;191;190;202;223;251;248;266;271;274;318;339;344;347;362;360;363;400;M
Vejen Kommune;575;115;129;152;167;186;186;183;227;228;241;265;291;304;287;304;299;325;350;329;336;365;405;397;M
Aabenraa Kommune;580;69;79;89;112;133;145;133;160;140;184;170;215;245;244;292;339;328;430;383;536;595;623;414;M
Fredericia Kommune;607;175;196;256;345;390;424;439;545;521;637;814;787;782;845;851;1.025;1.283;1.404;1.057;974;1.087;1.103;1.007;M
Kolding Kommune (3);621;459;420;395;456;477;665;528;565;574;680;722;739;736;752;860;902;961;950;821;837;863;878;835;M
Vejle Kommune (3);630;289;267;297;356;351;389;572;418;525;553;505;543;559;809;859;860;863;788;708;706;738;746;675;M
Horsens Kommune (3);615;292;267;253;308;521;351;391;444;456;471;495;504;548;657;810;784;862;864;823;808;703;732;625;M
Herning Kommune;657;187;223;209;245;252;264;257;266;283;390;317;406;461;576;807;612;640;711;785;822;835;842;738;M
Holstebro Kommune;661;338;343;372;433;481;495;547;554;584;571;574;678;664;678;1.337;1.217;1.334;1.467;1.464;1.585;1.597;1.619;941;M
Lemvig Kommune;665;128;138;135;131;137;146;150;151;157;178;204;202;193;213;208;252;280;332;401;449;498;499;452;M
Struer Kommune;671;254;322;346;381;323;358;358;368;394;371;453;401;416;541;696;755;719;669;688;685;781;783;778;M
Syddjurs Kommune;706;103;115;129;129;133;127;140;145;166;165;177;189;184;227;254;268;294;343;387;417;418;457;408;M
Norddjurs Kommune (3);707;107;109;126;141;149;141;142;148;165;167;166;172;210;227;264;338;349;359;335;340;350;373;372;M
Favrskov Kommune (3);710;93;100;111;137;129;150;162;162;217;232;257;355;293;280;322;327;337;330;279;285;280;288;304;M
Odder Kommune;727;127;151;160;164;165;182;194;205;215;218;214;227;231;246;238;252;267;291;241;230;255;270;250;M
Randers Kommune (3);730;357;359;387;411;430;438;474;485;599;661;592;667;704;842;810;902;992;982;1.102;1.035;1.048;1.141;794;M
Silkeborg Kommune;740;161;236;203;234;257;295;362;378;383;438;507;426;450;463;524;533;550;519;502;531;555;546;469;M
Samsø Kommune;741;133;103;164;153;136;134;166;184;199;210;227;233;304;299;286;283;303;300;295;437;347;317;350;M
Skanderborg Kommune (3);746;112;134;155;166;162;194;221;238;237;239;254;274;309;319;259;283;335;368;346;345;384;383;396;M
Aarhus Kommune;751;432;463;509;645;640;653;694;716;785;784;915;978;976;975;1.010;1.067;1.208;1.204;1.241;1.252;1.247;1.248;1.024;M
Ikast-Brande Kommune;756;81;97;115;128;141;143;157;184;191;190;215;224;238;292;271;282;307;344;315;332;344;350;342;M
Ringkøbing-Skjern Kommune;760;141;183;202;232;219;227;242;269;273;273;280;293;358;350;383;377;387;395;378;382;400;393;406;M
Hedensted Kommune (3);766;63;72;92;94;83;91;94;107;105;108;111;129;155;173;146;180;178;177;169;171;176;182;190;M
Skive Kommune;779;109;92;99;168;221;232;256;217;256;261;323;334;517;621;553;629;584;760;786;804;751;735;731;M
Viborg Kommune (3);791;189;208;213;264;256;267;283;301;311;346;356;408;425;464;570;677;637;610;596;604;701;675;586;M
Morsø Kommune;773;148;161;183;194;202;198;232;244;240;260;261;273;277;293;303;322;341;389;386;428;810;695;519;M
Thisted Kommune;787;156;198;222;263;230;229;263;279;291;302;325;333;341;365;368;407;432;446;457;449;467;474;472;M
Brønderslev Kommune;810;113;146;145;154;156;160;165;176;187;199;228;212;245;253;291;347;354;344;315;313;304;300;275;M
Frederikshavn Kommune;813;175;185;207;243;261;266;270;284;307;301;317;383;422;427;513;568;597;612;554;643;678;701;692;M
Vesthimmerlands Kommune (3);820;83;129;115;114;150;178;176;184;203;222;242;257;281;302;284;307;331;313;331;338;362;392;366;M
Læsø Kommune;825;786;1.016;1.080;647;602;309;341;296;332;253;247;249;413;331;345;386;395;817;386;557;408;858;462;M
Rebild Kommune (3);840;98;112;136;137;163;178;176;190;236;249;232;244;266;285;394;429;362;396;357;503;487;446;385;M
Mariagerfjord Kommune (3);846;92;84;89;88;100;90;91;105;126;128;149;180;197;238;337;367;430;467;527;495;499;534;480;M
Jammerbugt Kommune;849;52;93;109;135;143;160;147;157;144;165;176;206;207;241;228;251;258;290;288;310;329;333;334;M
Aalborg Kommune;851;292;352;395;418;440;492;550;566;648;681;685;737;748;812;763;784;794;948;1.116;1.154;1.148;1.136;853;M
Hjørring Kommune;860;229;276;291;323;361;367;346;359;387;397;432;443;466;505;519;532;536;527;569;607;602;636;636;M
Gennemsnit (15);;226;244;263;307;316;334;353;366;388;407;430;453;475;514;563;605;645;651;662;674;689;697;611;M
;;;;;;;;;;;;;;;;;;;;;;;;;
Tegnforklaring:;;;;;;;;;;;;;;;;;;;;;;;;;
-  Et 'rent' nul (afrundede nuller vises som 0 eller 0,0 osv.);;;;;;;;;;;;;;;;;;;;;;;;;
M  Det pågældende nøgletal mangler for året.;;;;;;;;;;;;;;;;;;;;;;;;;
U  Det pågældende nøgletal er udefineret for året.;;;;;;;;;;;;;;;;;;;;;;;;;
;;;;;;;;;;;;;;;;;;;;;;;;;
Noter:;;;;;;;;;;;;;;;;;;;;;;;;;
(3)  Tal før kommunalreformen 2007 (vist med kursiv) er her skønnede tal, da der indgår delte kommuner i den sammenlagte kommune (delte kommuner er medregnet i det skønnede tal i forhold til den andel af indbyggerne i kommunen, der er overgået til den nye sammenlagte kommune.;;;;;;;;;;;;;;;;;;;;;;;;;
(6)  For København, Frederiksberg og Bornholm kommuner indgår der i årene før kommunalreformen for dette nøgletal også amtsrelaterede udgifter. For disse år vises derfor intet gennemsnit for de valgte kommuner, hvis en eller flere af de tre nævnte kommuner er valgt sammen en eller flere af de øvrige.;;;;;;;;;;;;;;;;;;;;;;;;;
(15)  I tal før kommunalreformen 2007 (vist med kursiv) indgår skønnede tal, da gennemsnittet omfatter en eller flere sammenlagte kommuner, hvori der indgår delte kommuner (delte kommuner er medregnet i det skønnede tal i forhold til den andel af indbyggerne i kommunen, der er overgået til den nye sammenlagte kommune.;;;;;;;;;;;;;;;;;;;;;;;;;
Valgte kommuner:;;;;;;;;;;;;;;;;;;;;;;;;;

I rapporten indgår de 98 kommuner fra gruppen 'x'.;;;;;;;;;;;;;;;;;;;;;;;;;
;;;;;;;;;;;;;;;;;;;;;;;;;
Social- og Indenrigsministeriet d. 23. maj 2016;;;;;;;;;;;;;;;;;;;;;;;;;
